PlayerId,PlayerName,Country,ArenaRank,LastUpdated
96014413,Corvus Mortis,United States of America,1,2025-06-18T20:28:46.338641
95784147,aspirin_,Germany,2,2025-06-18T20:28:46.338641
95583069,SzyBek,Poland,3,2025-06-20T17:28:33.206288
92970688,hughieg1230,United States of America,4,2025-06-20T17:28:33.206288
96940540,HighlanderMG,Cuba,5,2025-06-20T17:28:33.206288
91975055,MaximumVelocity,Netherlands,6,2025-06-20T17:28:33.206288
85648997,Joost1987,Netherlands,7,2025-06-20T17:28:33.206288
97461334,Fltr,Germany,8,2025-06-18T20:28:46.338641
84906646,x0_StarK69,Poland,9,2025-06-20T17:28:33.206288
95903834,Manolo de Xaninho,Spain,10,2025-06-20T20:15:20.021123
93457277,Glados93,Denmark,11,2025-06-20T20:15:20.021123
91050003,aquilinx,Hong Kong,12,2025-06-20T20:15:20.021123
94308984,JDansp,Sweden,13,2025-06-20T20:15:20.021123
85404866,figure2000,Japan,14,2025-06-20T17:28:33.206288
91558210,SuperPikasso,Belarus,15,2025-06-20T20:15:20.021123
85005177,RoyalRook,United States of America,16,2025-06-20T17:28:33.206288
86619991,Pkoo,Netherlands,17,2025-06-20T17:28:33.206288
93965947,almedeme,Cyprus,18,2025-06-18T20:28:46.338641
86203422,masterstone,United Kingdom,19,2025-06-20T17:28:33.206288
95866328,Snu Gnu,Denmark,20,2025-06-20T17:28:33.206288
92811692,starfire00,United States of America,21,2025-06-20T17:28:33.206288
97858663,ma5102935,Japan,22,2025-06-20T17:28:33.206288
91455703,globeli,Germany,23,2025-06-20T17:28:33.206288
97931738,DeathOfPeaceOfMind,United Kingdom,24,2025-06-20T17:28:33.206288
96806226,MarsLover,Japan,25,2025-06-20T17:28:33.206288
91334215,ThothTheRaven,United States of America,26,2025-06-20T17:28:33.206288
96468229,aTrOf33,Australia,27,2025-06-20T17:28:33.206288
91752888,Kulikk,Poland,28,2025-06-20T17:28:33.206288
94673068,FirePhoenix138,France,29,2025-06-18T20:28:46.338641
84979765,LeHunter,Belarus,30,2025-06-20T17:28:33.206288
93772757,max_Inhuman,Russia,31,2025-06-20T17:28:33.206288
84503166,adysk,Romania,32,2025-06-20T17:28:33.206288
95979685,Kaan Malçok,Türkiye,32,2025-06-18T20:28:46.338641
92354598,randomronny974,Germany,33,2025-06-20T17:28:33.206288
95067090,bwalsh96,United States of America,34,2025-06-20T17:28:33.206288
95930316,MH30,Greece,35,2025-06-20T17:28:33.206288
93202509,Zillinha,Brazil,36,2025-06-20T17:28:33.206288
95215132,DoRangss,Germany,37,2025-06-20T17:28:33.206288
84892947,luboldo,Germany,38,2025-06-20T17:28:33.206288
97556873,Jojo_88,Germany,39,2025-06-20T20:15:20.021123
94236008,johnjonn,Japan,40,2025-06-20T20:15:20.021123
83851681,Acerbic,Netherlands,41,2025-06-20T20:15:20.021123
95353232,BEANS115,United States of America,42,2025-06-20T20:15:20.021123
94285128,kojpratozaur,Poland,43,2025-06-20T20:15:20.021123
96747842,jorolelin,United States of America,44,2025-06-20T20:15:20.021123
84758369,Corbz,United Kingdom,45,2025-06-20T20:15:20.021123
85605313,yellowblack,Germany,46,2025-06-20T20:15:20.021123
95546867,PectoralisM,Croatia,47,2025-06-20T20:15:20.021123
91176699,Wildflower_Butterfly,Japan,48,2025-06-20T20:15:20.021123
89631858,wansang93,South Korea,49,2025-06-20T20:15:20.021123
97937658,tangtom2498,United States of America,50,2025-06-20T17:28:33.206288
87791061,sanityobscure,United States of America,51,2025-06-20T17:28:33.206288
83900777,Abtsein,France,52,2025-06-18T20:28:46.338641
20418489,rexkow,Poland,53,2025-06-20T17:28:33.206288
95777023,Rust_,China,54,2025-06-20T17:28:33.206288
92904871,DeathChain,Finland,55,2025-06-20T17:28:33.206288
97310598,primrose1234,United States of America,56,2025-06-20T17:28:33.206288
96357585,niko_17,Malta,57,2025-06-20T17:28:33.206288
90705923,Christian H,Germany,58,2025-06-20T17:28:33.206288
86725807,zoozoc,United States of America,59,2025-06-20T20:15:20.021123
86220185,simmadim,Sweden,60,2025-06-20T20:15:20.021123
97110444,wolf on hill,Estonia,61,2025-06-20T20:15:20.021123
95913254,klomppi,Finland,62,2025-06-20T20:15:20.021123
94937683,Sasheme,United States of America,63,2025-06-20T20:15:20.021123
84294939,shakeszoola,United States of America,64,2025-06-20T20:15:20.021123
96725410,eniotna05,France,65,2025-06-20T17:28:33.206288
27818837,KSpooky,Poland,66,2025-06-20T17:28:33.206288
93370853,Kiral63,France,67,2025-06-20T20:15:20.021123
96240703,Secpra,Croatia,68,2025-06-20T20:15:20.021123
95565147,splitalterego,United States of America,69,2025-06-20T20:15:20.021123
88638725,Cptn_Obvius,Netherlands,70,2025-06-20T20:15:20.021123
96820169,Bar-en-Nibin-noeg,Finland,71,2025-06-20T20:15:20.021123
95251562,TorbenYin,Germany,72,2025-06-20T20:15:20.021123
85579696,bjarnimari,Iceland,73,2025-06-20T20:15:20.021123
90710340,ArchDevious,United States of America,74,2025-06-20T20:15:20.021123
88878397,bbbao,United States of America,75,2025-06-20T20:15:20.021123
97761564,tjdrbs73,South Korea,76,2025-06-20T20:15:20.021123
97328481,alex77v,Canada,77,2025-06-20T20:15:20.021123
95903093,palebluedot89,China,78,2025-06-20T20:15:20.021123
91742346,wawer000,South Korea,79,2025-06-20T20:15:20.021123
92499436,Mars321,United States of America,80,2025-06-20T20:15:20.021123
83907003,Craimefraych,France,81,2025-06-20T20:15:20.021123
88021992,Naager,France,82,2025-06-20T20:15:20.021123
86925296,tomohiro n,Japan,83,2025-06-20T20:15:20.021123
96099926,AReallyGoodName123,Australia,84,2025-06-20T20:15:20.021123
83875287,AEtherling,Japan,85,2025-06-20T20:15:20.021123
93915802,CapitalDecay,United States of America,86,2025-06-20T20:15:20.021123
94254169,pinappleicedtea,China,87,2025-06-20T20:15:20.021123
85952892,Avi0815,United States of America,88,2025-06-20T20:15:20.021123
91882672,ice wizard,China,89,2025-06-20T20:15:20.021123
90101163,Direktor91,Serbia,90,2025-06-20T20:15:20.021123
94859956,leonstar79,Netherlands,91,2025-06-20T20:15:20.021123
94799824,Fron Dpond,United States of America,92,2025-06-20T20:15:20.021123
96815415,kappalima,Germany,93,2025-06-20T20:15:20.021123
84322813,cdel,Greece,94,2025-06-20T20:15:20.021123
88024028,ChesterDeBester,Netherlands,95,2025-06-20T20:15:20.021123
84963905,MasterofDesaster,Switzerland,96,2025-06-20T17:28:33.206288
84614391,RandomBadger,Thailand,97,2025-06-20T17:28:33.206288
88669492,itslevi,United States of America,98,2025-06-20T20:15:20.021123
95077095,Niiyaaa,United States of America,99,2025-06-20T20:15:20.021123
84795597,A Glitch,United States of America,100,2025-06-20T20:15:20.021123
84362333,GenuineGold,Russia,101,2025-06-20T20:17:57.139564
92739783,Louxor-ya,France,102,2025-06-20T20:17:57.139564
97057715,vivivi123,France,103,2025-06-20T20:17:57.139564
97236290,keen-crab840,Japan,104,2025-06-20T20:17:57.139564
84822629,Luigicube,France,105,2025-06-20T20:17:57.139564
84404347,KimTuNan,United States of America,106,2025-06-20T20:17:57.139564
85231119,YoungJae,South Korea,107,2025-06-20T20:17:57.139564
96122201,schulni,United States of America,108,2025-06-20T20:17:57.139564
96362270,Fireblaster935,United States of America,109,2025-06-20T20:17:57.139564
83893847,Paranoiarbay,Hong Kong,110,2025-06-20T20:17:57.139564
90657764,HighlanderKG,Serbia,111,2025-06-20T20:17:57.139564
93885418,Paju_,Finland,112,2025-06-20T20:17:57.139564
89923703,chickens0003,United States of America,113,2025-06-20T20:17:57.139564
86870171,Sarevain,France,114,2025-06-20T20:17:57.139564
96032826,proffessor88,Serbia,115,2025-06-20T20:17:57.139564
96938426,ft029,United States of America,116,2025-06-20T20:17:57.139564
87714234,g3rappa,Romania,117,2025-06-20T20:17:57.139564
95905512,ESENEL,United States of America,118,2025-06-20T20:17:57.139564
56952805,Druha,Russia,119,2025-06-20T20:17:57.139564
95738221,happy-smile,Norway,120,2025-06-20T20:17:57.139564
94025259,schachmeister,Seychelles,121,2025-06-20T20:17:57.139564
86162000,yoshikuru,Germany,122,2025-06-20T20:17:57.139564
97860254,rocketsh1p,Ukraine,123,2025-06-20T20:17:57.139564
84134509,LittleOldManBoy,Latvia,124,2025-06-20T17:28:33.206288
85316478,lachero,Japan,125,2025-06-20T17:28:33.206288
96880850,Sale937,Serbia,126,2025-06-20T17:28:33.206288
84219840,Tyrelanas ,United States of America,127,2025-06-20T20:17:57.139564
87891887,SFactor,Canada,128,2025-06-20T20:17:57.139564
84747897,liefellen,South Korea,129,2025-06-20T20:17:57.139564
85214842,AnselmJia,United States of America,130,2025-06-20T20:17:57.139564
95871885,Pastuhelsing,Russia,131,2025-06-20T20:17:57.139564
86465656,jesse1288,Netherlands,132,2025-06-20T20:17:57.139564
93467533,MallorquinFoz,Brazil,133,2025-06-20T20:17:57.139564
84295702,HOWCAN999,Australia,134,2025-06-20T20:17:57.139564
84512971,Samuelsson,Ukraine,135,2025-06-20T20:17:57.139564
96282634,Hodoldol,South Korea,136,2025-06-20T20:17:57.139564
84667880,abridge,China,137,2025-06-20T20:17:57.139564
86296239,StrandedKnight,Norway,138,2025-06-20T20:17:57.139564
97095366,Fonnonnn,Japan,139,2025-06-20T20:17:57.139564
96416244,Leks-mira,Russia,140,2025-06-20T20:17:57.139564
96245312,schnoukomz,United Arab Emirates,141,2025-06-20T20:17:57.139564
88391892,Kawer,Norway,142,2025-06-20T20:17:57.139564
96628908,mbx1997,China,143,2025-06-20T20:17:57.139564
97481597,Cvija_,Serbia,144,2025-06-20T20:17:57.139564
87664546,hayabusaa100,Japan,145,2025-06-20T20:17:57.139564
85118908,Kimbum,Thailand,146,2025-06-20T20:17:57.139564
85014197,dibidibidis,Antarctica,147,2025-06-20T20:17:57.139564
84070507,babolas,Denmark,148,2025-06-20T20:17:57.139564
96173705,Marsist,Serbia,149,2025-06-20T20:17:57.139564
95423312,vezoma,United States of America,150,2025-06-20T17:58:11.580188
91118807,okatechnology,Japan,151,2025-06-20T17:58:11.580188
95812007,GilgameshTheKing,United States of America,152,2025-06-20T17:58:11.580188
90901075,Olaf the Viking,Germany,153,2025-06-20T17:58:11.580188
87698077,marcusabramovitch,Canada,154,2025-06-20T17:58:11.580188
90983094,Glomazar,France,155,2025-06-20T20:17:57.139564
97131863,rambling_coherently,Denmark,156,2025-06-20T20:17:57.139564
95770469,Dikvarkentje,Netherlands,157,2025-06-20T20:17:57.139564
92189761,ElJeffo17,Italy,158,2025-06-20T20:17:57.139564
84645645,HWGUY,Estonia,159,2025-06-20T20:17:57.139564
85750301,boftirik,Niger,160,2025-06-20T20:17:57.139564
96438313,Crisswang,China,161,2025-06-20T20:17:57.139564
84855760,nemulinko,Slovakia,162,2025-06-20T20:17:57.139564
84014144,Likewize,Germany,163,2025-06-20T20:17:57.139564
97048736,sadivision,China,164,2025-06-20T17:58:11.580188
86119917,OGBless,United States of America,165,2025-06-20T20:17:57.139564
89395393,gergelice,Hungary,166,2025-06-20T20:17:57.139564
95102434,Matinow,Poland,167,2025-06-20T20:17:57.139564
96500168,Napoleoff,Australia,168,2025-06-20T20:17:57.139564
85159195,mikechike,United States of America,169,2025-06-20T20:17:57.139564
89683108,GrandHedgehog,Russia,170,2025-06-20T20:17:57.139564
89411464,AllTimeSpace,United States of America,171,2025-06-20T20:17:57.139564
87974079,AHAHAHahahah66,France,172,2025-06-20T20:17:57.139564
95234404,D-wave,Austria,173,2025-06-20T20:17:57.139564
88618856,Tajic,France,174,2025-06-20T20:17:57.139564
95248945,health_boy,South Korea,175,2025-06-20T20:17:57.139564
91131338,ramez,Finland,176,2025-06-20T20:17:57.139564
84341816,Pinecone222,Finland,177,2025-06-20T17:58:11.580188
92435765,IkkoManu,Germany,178,2025-06-20T17:58:11.580188
95981559,Jjack00,Italy,179,2025-06-20T17:58:11.580188
88219293,IljadeB,Netherlands,180,2025-06-20T20:17:57.139564
83872648,kelvinli130,Hong Kong,181,2025-06-20T20:17:57.139564
97304740,Craazy8,United States of America,182,2025-06-20T20:17:57.139564
94412242,Cinfonia,Singapore,183,2025-06-20T20:17:57.139564
93254556,hunger00,China,184,2025-06-20T20:17:57.139564
93368684,Biubangboom,China,185,2025-06-20T17:58:11.580188
95901722,Orange Devil,Netherlands,186,2025-06-20T17:58:11.580188
84137934,mad4math,United States of America,187,2025-06-20T20:17:57.139564
84284855,aspenn17,France,188,2025-06-20T20:17:57.139564
89581497,BTLK,South Korea,188,2025-06-18T20:29:31.238857
91609912,Ferenderpt,Germany,189,2025-06-20T20:17:57.139564
93584459,M_kk_k,China,190,2025-06-20T20:17:57.139564
96843284,lifeonmars1,United States of America,191,2025-06-20T20:17:57.139564
93234993,Rutabaga00,France,192,2025-06-20T20:17:57.139564
93798204,soaked_in_bleach,Austria,193,2025-06-20T20:17:57.139564
97496613,emgizy,Spain,194,2025-06-20T20:17:57.139564
84532703,WhiteBlur,Norway,195,2025-06-20T20:17:57.139564
83840679,Popred,Belgium,196,2025-06-20T20:17:57.139564
29640478,Jodox,Canada,197,2025-06-20T20:17:57.139564
84640241,Koudee,Czechia,198,2025-06-20T20:17:57.139564
94819504,piomoc,Poland,199,2025-06-20T20:17:57.139564
94121445,becks7,Ukraine,200,2025-06-20T20:17:57.139564
94275290,jsch7913,South Korea,201,2025-06-20T20:17:57.139564
85139458,jmerrild,Denmark,202,2025-06-20T20:17:57.139564
92752992,illgongiee,South Korea,203,2025-06-20T20:17:57.139564
92787094,mynameis7,Hong Kong,204,2025-06-20T20:17:57.139564
94944752,MiangMun,China,205,2025-06-20T20:17:57.139564
86557407,Tommyjaijai,Hong Kong,206,2025-06-20T20:17:57.139564
95807403,charliec247,Hong Kong,207,2025-06-20T20:17:57.139564
97863251,Bonsai Dragon,United States of America,208,2025-06-20T20:17:57.139564
85587941,sweetChazz,United States of America,209,2025-06-20T20:17:57.139564
93035305,Alex Wade,Ukraine,210,2025-06-20T20:17:57.139564
94364701,Nova_23,South Korea,211,2025-06-20T20:17:57.139564
97618586,SpentGladiator,United States of America,212,2025-06-20T20:17:57.139564
96743484,Siimlolz,Estonia,213,2025-06-20T20:17:57.139564
91151669,Tabouret98,France,214,2025-06-20T20:17:57.139564
92535772,Baguatone,Sweden,215,2025-06-20T20:17:57.139564
96540242,Januzz,Poland,216,2025-06-20T20:17:57.139564
87781871,Tolik42,Poland,217,2025-06-20T20:17:57.139564
97744555,Albatros99,United States of America,218,2025-06-20T20:17:57.139564
91680980,Mukulf,Norway,219,2025-06-20T20:17:57.139564
87394516,laneledge,United Kingdom,220,2025-06-20T20:17:57.139564
38522170,RRi75,France,221,2025-06-20T20:17:57.139564
85633897,Xanxanax,United States of America,222,2025-06-20T20:17:57.139564
84974310,Gh0stdragon,Belgium,223,2025-06-20T20:17:57.139564
95852218,BestPvPer,Canada,224,2025-06-20T20:17:57.139564
97735312,Maedhr0s,Italy,225,2025-06-20T20:17:57.139564
35598966,Pitpouf,France,226,2025-06-20T20:17:57.139564
92752516,wuenscd,United States of America,227,2025-06-20T20:17:57.139564
97443210,uncommonbillfish,United States of America,228,2025-06-20T20:17:57.139564
95561290,Maggiss,Norway,229,2025-06-20T20:17:57.139564
26834017,brh2113,United States of America,230,2025-06-20T20:17:57.139564
94786622,Tarrs,Germany,231,2025-06-20T20:17:57.139564
83918695,Black  Lotus,Japan,232,2025-06-20T20:17:57.139564
94487126,ahansen84,Denmark,233,2025-06-20T20:17:57.139564
96027551,yevshrag,United States of America,234,2025-06-20T20:17:57.139564
95236140,jbsonday,United States of America,235,2025-06-20T20:17:57.139564
84147634,Lichlo6a,United States of America,236,2025-06-20T20:17:57.139564
85995697,ours144,Switzerland,237,2025-06-20T20:17:57.139564
95110576,Glassye,United States of America,238,2025-06-20T17:58:11.580188
88840144,HugoTremblay,Canada,239,2025-06-20T17:58:11.580188
89369301,NFranklin,United States of America,240,2025-06-20T17:58:11.580188
84268992,a1346,Taiwan,241,2025-06-20T17:58:11.580188
85754226,Ekkojensen,Norway,242,2025-06-20T17:58:11.580188
97471348,Tenhoff,Sweden,243,2025-06-20T17:58:11.580188
92898160,ccc412,Hong Kong,244,2025-06-20T17:58:11.580188
94345243,SnikendeTeppe,Norway,245,2025-06-20T20:17:57.139564
91288879,starbook616,United States of America,246,2025-06-20T20:17:57.139564
88741391,sammmmyyyyy,Japan,247,2025-06-20T20:17:57.139564
96229842,zee-egel,Belgium,248,2025-06-20T20:17:57.139564
83918768,VA_written,Indonesia,249,2025-06-20T20:17:57.139564
97172555,__Chico__,Czechia,250,2025-06-20T20:17:57.139564
92590667,taisa353,Japan,251,2025-06-20T20:17:57.139564
93803785,divvet,United States of America,252,2025-06-20T20:17:57.139564
93215610,touka137373,United Kingdom,253,2025-06-20T20:17:57.139564
96189604,ustikus,Ukraine,254,2025-06-20T20:17:57.139564
84794777,Selcar88,Italy,255,2025-06-20T20:17:57.139564
97174229,Etyosis,Belgium,256,2025-06-20T20:17:57.139564
90705825,zinnaaaa,Sweden,257,2025-06-20T20:17:57.139564
85367922,mellison,United States of America,258,2025-06-20T20:17:57.139564
86115654,TheMeepleMaven,United States of America,259,2025-06-20T20:17:57.139564
96689538,Gen Powell,Poland,260,2025-06-20T20:17:57.139564
96776064,foxracing13,Canada,261,2025-06-20T20:17:57.139564
95804698,MLG_Wurschtbrot,Austria,262,2025-06-20T20:17:57.139564
93669312,Marky91,Denmark,263,2025-06-20T20:17:57.139564
95222006,Nuraxxt1ao,Germany,264,2025-06-20T20:17:57.139564
95806628,akaiden,United States of America,265,2025-06-20T20:17:57.139564
86760336,Holyland,Japan,266,2025-06-20T20:17:57.139564
97612586,RAIONX,Hong Kong,267,2025-06-20T20:17:57.139564
97576300,aktakukac12,Hungary,268,2025-06-20T20:17:57.139564
96612097,kneepain,South Korea,269,2025-06-20T20:17:57.139564
96178991,MarkDK29,Thailand,270,2025-06-20T20:17:57.139564
93062236,ddiring,United States of America,271,2025-06-20T20:17:57.139564
96158595,Daylight Robbery,Germany,272,2025-06-20T20:17:57.139564
97161477,piko2356,Japan,273,2025-06-20T20:17:57.139564
95636237,Overgaard89,Denmark,274,2025-06-20T20:17:57.139564
85450849,Pinco94,Italy,275,2025-06-20T20:17:57.139564
84164157,Von Zak,Israel,276,2025-06-20T20:17:57.139564
85832579,jeejeeka,Netherlands,277,2025-06-20T20:17:57.139564
96786135,red6115,Japan,278,2025-06-20T20:17:57.139564
95970203,sril,Japan,279,2025-06-20T17:45:12.478436
96052580,OPSEC IS CLEAN,Palestine,280,2025-06-20T20:17:57.139564
84467828,King D,South Korea,281,2025-06-20T20:17:57.139564
96646165,Dipoloulos,France,282,2025-06-20T20:17:57.139564
85832215,Slycrow,Netherlands,283,2025-06-20T20:17:57.139564
96127802,JalanStrange,United States of America,284,2025-06-20T20:17:57.139564
93001171,BBBB Kiwini,United States of America,285,2025-06-20T20:17:57.139564
97410484,tigerman25,United States of America,286,2025-06-20T20:17:57.139564
86384443,Hoffmax,Germany,287,2025-06-20T20:17:57.139564
94413263,rintannow,Japan,288,2025-06-20T20:17:57.139564
85911481,JDoggg,United States of America,289,2025-06-20T20:17:57.139564
93310826,isenguard13,China,290,2025-06-20T20:17:57.139564
92102371,Long0103,Hong Kong,291,2025-06-20T20:17:57.139564
95909209,noodrot,Taiwan,292,2025-06-20T20:17:57.139564
89327832,nikita555123,Afghanistan,293,2025-06-20T20:17:57.139564
84638600,leonx12,Philippines,294,2025-06-20T20:17:57.139564
86236054,haiduk,France,295,2025-06-20T20:17:57.139564
86489456,Hexplo,France,296,2025-06-20T20:17:57.139564
90387203,Sebouule,France,297,2025-06-20T20:17:57.139564
86015460,Monopolis973,United States of America,298,2025-06-20T20:17:57.139564
89741280,Mr woopie,Sweden,299,2025-06-20T20:17:57.139564
96482535,Schlupfi,Germany,300,2025-06-20T20:17:57.139564
97775032,AllTimer,United States of America,301,2025-06-20T20:17:57.139564
96084674,SSounder,United States of America,302,2025-06-20T20:17:57.139564
93762449,ben19880220,Japan,303,2025-06-20T20:17:57.139564
97778035,-Hammon-,Germany,304,2025-06-20T20:17:57.139564
96198330,kayokolove,South Korea,305,2025-06-20T20:17:57.139564
95937837,morphith,Netherlands,306,2025-06-20T20:17:57.139564
96486084,FoundARuby,Hong Kong,307,2025-06-20T20:17:57.139564
93401066,eaking13,United States of America,308,2025-06-20T20:17:57.139564
85104172,Jotita,Spain,309,2025-06-20T20:17:57.139564
91503907,Andrei3009,Russia,310,2025-06-20T20:17:57.139564
90329026,Winwinwon,Finland,311,2025-06-20T20:17:57.139564
90799631,ultraime,France,312,2025-06-20T20:17:57.139564
88368905,ThreadPacifist,United States of America,313,2025-06-20T20:17:57.139564
84460633,ajwill,Germany,314,2025-06-20T20:17:57.139564
85494881,joutava,Finland,315,2025-06-20T20:17:57.139564
94319519,Employee_427,United States of America,316,2025-06-20T20:17:57.139564
96908598,MM_17,Italy,317,2025-06-20T20:17:57.139564
84197107,maxempires,Italy,318,2025-06-20T20:17:57.139564
96775834,AEtherWork,United States of America,319,2025-06-20T20:17:57.139564
96909245,oohhheins,Germany,320,2025-06-20T20:17:57.139564
6931280,Padrag,Canada,321,2025-06-20T20:17:57.139564
92052825,Dead People,Guadeloupe,322,2025-06-20T20:17:57.139564
97379268,fuji0314,Japan,323,2025-06-20T20:17:57.139564
88604689,MGKC,United States of America,324,2025-06-20T20:17:57.139564
83954875,GreenA,South Korea,325,2025-06-20T20:17:57.139564
94833584,Dramatisch,Germany,326,2025-06-20T20:17:57.139564
89644742,12270110,Japan,327,2025-06-20T20:17:57.139564
97205632,awesome-cow85,United States of America,328,2025-06-20T20:17:57.139564
93962619,DarioPiperkoski,North Macedonia,329,2025-06-20T20:17:57.139564
89680656,george505,Canada,330,2025-06-20T20:17:57.139564
1466150,Xico,Palestine,331,2025-06-20T20:17:57.139564
97506672,Badboy1300,Türkiye,332,2025-06-20T20:17:57.139564
84822903,Dhrun,Germany,333,2025-06-20T20:17:57.139564
95056415,Beammeup87,United States of America,334,2025-06-20T17:28:33.206288
84029809,vide0gamer,United States of America,335,2025-06-20T17:28:33.206288
97377991,il_catania,United Kingdom,336,2025-06-20T17:28:33.206288
87728900,refsrefs,Norway,337,2025-06-20T17:28:33.206288
95810413,BigRost,Cyprus,338,2025-06-20T17:28:33.206288
86484602,Belgian_Biscuit,New Zealand,339,2025-06-20T17:28:33.206288
89839273,gujuwan,South Korea,340,2025-06-20T17:28:33.206288
94842937,Milkman34,Canada,341,2025-06-20T17:28:33.206288
96009034,Scala001,Italy,342,2025-06-20T17:28:33.206288
88818807,TenTen101010,Hong Kong,343,2025-06-20T17:28:33.206288
95840054,sahleao,United States of America,344,2025-06-20T17:28:33.206288
91094160,Torrfluga,Sweden,345,2025-06-20T17:28:33.206288
94537656,dohzor,Netherlands,346,2025-06-20T17:28:33.206288
97459024,Dkwnsepw,United States of America,347,2025-06-20T17:28:33.206288
90286916,TheFlyingBoat,United States of America,348,2025-06-20T20:17:57.139564
88685617,HeirOfSlytherin,United States of America,349,2025-06-20T20:17:57.139564
92237877,pattonhelman,Japan,350,2025-06-20T20:17:57.139564
93162831,onlineplayer321,United States of America,351,2025-06-20T20:17:57.139564
92210919,santakai_x,Japan,352,2025-06-20T20:17:57.139564
84909925,Lumin_S,United States of America,353,2025-06-20T20:17:57.139564
87780738,Sonid,United States of America,354,2025-06-20T20:17:57.139564
95548162,Teeeer0y,United States of America,355,2025-06-20T17:28:33.206288
95925394,c_g,Japan,356,2025-06-20T20:17:57.139564
86674319,yuzuyuzupo,Japan,357,2025-06-20T20:17:57.139564
95141149,10ebruce,United States of America,358,2025-06-20T20:17:57.139564
97519681,splashii,Canada,359,2025-06-20T20:17:57.139564
91596966,Jukut,Germany,360,2025-06-20T20:17:57.139564
84179205,pPokaA,France,361,2025-06-20T20:17:57.139564
91697628,Renedekart87,Russia,362,2025-06-20T20:17:57.139564
94208782,gggdgggd,Hungary,363,2025-06-20T20:17:57.139564
92284012,Cerogil,United States of America,364,2025-06-20T20:17:57.139564
94737605,NobRaylor,Canada,365,2025-06-20T20:17:57.139564
95940155,VenusRising,United Kingdom,366,2025-06-20T20:17:57.139564
87452444,maximmaxim2222,Germany,367,2025-06-20T20:17:57.139564
87218477,magician,United States of America,368,2025-06-20T20:17:57.139564
93770163,pespespes,Ukraine,369,2025-06-20T20:17:57.139564
87910959,Violetta_Grishina,Russia,370,2025-06-20T20:17:57.139564
83994266,roichenko,Spain,371,2025-06-20T20:17:57.139564
96907045,horolol,South Korea,372,2025-06-20T20:17:57.139564
97317024,sasumageiton,France,373,2025-06-20T20:17:57.139564
86872870,Markiemark96,Netherlands,374,2025-06-20T20:17:57.139564
93269835,Gremhyr,Türkiye,375,2025-06-20T20:17:57.139564
96336906,starmieblast,United States of America,376,2025-06-20T20:17:57.139564
85255566,Tu Sai Chi,Italy,377,2025-06-20T20:17:57.139564
95535878,NetFire,Germany,378,2025-06-20T20:17:57.139564
95390101,Delffu,Finland,379,2025-06-20T20:17:57.139564
96792565,tones74,Australia,380,2025-06-20T20:17:57.139564
84013269,impromptublue,United States of America,381,2025-06-20T20:17:57.139564
92470110,MeowE3,Australia,382,2025-06-20T20:17:57.139564
88782026,Fallawneco,France,383,2025-06-20T20:17:57.139564
94340123,SickMaster,Poland,384,2025-06-20T20:17:57.139564
97382493,Crines,Netherlands,385,2025-06-20T20:17:57.139564
87914069,pegasusgr,Sweden,386,2025-06-20T20:17:57.139564
96086419,Puco4150,South Korea,387,2025-06-20T20:17:57.139564
97622621,Singwayz,United States of America,388,2025-06-20T20:17:57.139564
85047943,Sacman,France,389,2025-06-20T20:17:57.139564
94532599,4dam13,Poland,390,2025-06-20T20:17:57.139564
85740258,MaitreJinx,France,391,2025-06-20T20:17:57.139564
97897700,BrBrPatapim,Italy,392,2025-06-20T20:17:57.139564
88782348,InsomnisMV,Romania,393,2025-06-20T20:17:57.139564
97314262,Bartissimo,Netherlands,394,2025-06-20T20:17:57.139564
97456366,Tasher1,Sweden,395,2025-06-20T20:17:57.139564
87733172,neverstandstill,United Kingdom,396,2025-06-20T20:17:57.139564
84318844,savainu,Japan,397,2025-06-20T20:17:57.139564
95996481,Stormamma1337,Sweden,398,2025-06-20T20:17:57.139564
87543853,Wiele79,Belgium,399,2025-06-20T20:17:57.139564
85109322,BigStompem,United States of America,400,2025-06-20T20:17:57.139564
47737607,Posti,Sweden,401,2025-06-20T20:17:57.139564
95993834,OffIGoThen,United States of America,402,2025-06-20T20:17:57.139564
97896382,carvil,Lao People's Democratic Republic,403,2025-06-20T20:17:57.139564
85255498,Chromex333,Singapore,404,2025-06-20T20:17:57.139564
89411471,bhsu12345,Canada,405,2025-06-20T20:17:57.139564
96800633,Smarallen,Denmark,406,2025-06-20T20:17:57.139564
88432851,kourepai,Greece,407,2025-06-20T20:17:57.139564
84327735,leungwaiyin2,Hong Kong,408,2025-06-20T20:17:57.139564
95090286,F-Kishida,Japan,409,2025-06-20T20:17:57.139564
93126527,Snafu58,Canada,410,2025-06-20T20:17:57.139564
88328712,Slowstarter90,South Korea,411,2025-06-20T20:17:57.139564
96047170,_farmaline,Viet Nam,412,2025-06-20T20:17:57.139564
91760574,Dalulu_fr,France,413,2025-06-20T20:17:57.139564
86799002,DeputyVanHalen,United States of America,414,2025-06-20T20:17:57.139564
96562836,starcutter,Denmark,415,2025-06-20T20:17:57.139564
86888285,amato_ixxi,Japan,416,2025-06-20T20:17:57.139564
96401542,Tese0,France,417,2025-06-20T20:17:57.139564
96793649,tom 82,Austria,418,2025-06-20T20:17:57.139564
95935160,LegionNumber,United States of America,419,2025-06-20T20:17:57.139564
94218857,Sauberwisch7,Germany,420,2025-06-20T20:17:57.139564
95159831,nomoster,Sweden,421,2025-06-20T20:17:57.139564
97906126,pantheon_,India,421,2025-06-18T20:29:31.238857
96863817,ray rain,Japan,422,2025-06-20T20:17:57.139564
95971862,Awarange,Ukraine,423,2025-06-20T20:17:57.139564
96590257,CurtainMaek,China,424,2025-06-20T20:17:57.139564
97905011,S a r u m a n,Czechia,425,2025-06-20T20:17:57.139564
97081330,CaptainBDS,United States of America,426,2025-06-20T20:17:57.139564
97767438,jonqu1l2,Moldova,427,2025-06-20T20:17:57.139564
95146904,Kriegsgott,Germany,428,2025-06-20T20:17:57.139564
94696273,Ungepengen,Sweden,429,2025-06-20T20:17:57.139564
84344127,ramakrsna,Italy,430,2025-06-20T20:17:57.139564
84712186,Jason_Chang,Taiwan,431,2025-06-20T20:17:57.139564
95773756,ayayaya123,Japan,432,2025-06-20T20:17:57.139564
95978149,fin_snow,Japan,433,2025-06-20T20:17:57.139564
90695559,li kwun sing,Hong Kong,434,2025-06-20T20:17:57.139564
96787075,E139,Japan,435,2025-06-20T20:17:57.139564
97462972,What How,Australia,436,2025-06-20T20:17:57.139564
96377655,psc0829,South Korea,437,2025-06-20T20:17:57.139564
86346298,sorryimlikethis,Australia,438,2025-06-20T20:17:57.139564
96339917,DisplayOfDominance,Sweden,439,2025-06-20T20:17:57.139564
37015117,Leanath,Sweden,440,2025-06-20T20:17:57.139564
85614820,ThePekingeseWhisper,Israel,441,2025-06-20T20:17:57.139564
97738245,aggroftw,Finland,442,2025-06-20T20:17:57.139564
97462344,adoring-llama463,Viet Nam,443,2025-06-20T20:17:57.139564
96950023,axb980,China,444,2025-06-20T20:17:57.139564
84896402,Zorua1601,South Korea,445,2025-06-20T20:17:57.139564
91199127,operamtg,Japan,446,2025-06-20T20:17:57.139564
3246527,Thytos,Portugal,447,2025-06-20T20:17:57.139564
96799639,melkor123,Poland,448,2025-06-20T20:17:57.139564
94599175,Nyecto,France,449,2025-06-20T20:17:57.139564
84658906,84658906,France,450,2025-06-20T20:17:57.139564
97061601,jjomedosa,United States of America,451,2025-06-20T20:17:57.139564
89715074,Captain Sunset,Belgium,452,2025-06-20T20:17:57.139564
94101725,Jagapote43,Japan,453,2025-06-20T20:17:57.139564
94460756,jiokaryo,Japan,454,2025-06-20T20:17:57.139564
85137070,Marcmon8,Andorra,455,2025-06-20T20:17:57.139564
93942887,adburger,Japan,456,2025-06-20T20:17:57.139564
95881415,Renan112,Brazil,457,2025-06-20T20:17:57.139564
84084333,WarmPopcorn,United States of America,458,2025-06-20T20:17:57.139564
95240579,cranesflyhigh,Hungary,459,2025-06-20T20:17:57.139564
92073775,general_panda,Taiwan,460,2025-06-20T20:17:57.139564
96069471,PitrPL,Poland,461,2025-06-20T20:17:57.139564
96168762,Ninosaurier1,Austria,462,2025-06-20T20:17:57.139564
93440101,mursuka,United States of America,463,2025-06-20T20:17:57.139564
84848722,kingdedede745,United States of America,464,2025-06-20T20:17:57.139564
93170884,tomcattomcat,United States of America,465,2025-06-20T20:17:57.139564
97660147,kchillin,United States of America,466,2025-06-20T20:17:57.139564
93470767,Marty991,Czechia,467,2025-06-20T20:17:57.139564
94985359,RichardWest,Canada,468,2025-06-20T20:17:57.139564
93550354,fundriver,Switzerland,469,2025-06-20T20:17:57.139564
97386266,vipsanius133,Japan,470,2025-06-20T20:17:57.139564
84522697,moisture,Japan,471,2025-06-20T20:17:57.139564
37124210,luizforlani,Brazil,472,2025-06-20T20:17:57.139564
93108689,Dos_Diable_nero,Japan,473,2025-06-20T20:17:57.139564
87402537,Mendrit,Czechia,474,2025-06-20T20:17:57.139564
7697919,eihcrana,France,475,2025-06-20T20:17:57.139564
96750952,dasha977,United Kingdom,476,2025-06-20T20:17:57.139564
84637501,tackman,Japan,477,2025-06-20T20:17:57.139564
86868503,Azhawa,France,478,2025-06-20T20:17:57.139564
96419997,lazycapoo,United States of America,479,2025-06-20T20:17:57.139564
90180538,rabba,Serbia,480,2025-06-20T20:17:57.139564
83905681,tank0201,China,481,2025-06-20T20:17:57.139564
90448795,HarmlessBush,United States of America,482,2025-06-20T20:17:57.139564
84268987,Conann233,Germany,483,2025-06-20T20:17:57.139564
96119175,somemartian,United States of America,484,2025-06-20T20:17:57.139564
94636318,slippytoad,United States of America,485,2025-06-20T20:17:57.139564
85407498,xeirameu,Brazil,486,2025-06-20T20:17:57.139564
84436261,Dids23,Portugal,487,2025-06-20T20:17:57.139564
95350940,Abiath,Sweden,488,2025-06-20T20:17:57.139564
89421460,hustspy,Japan,489,2025-06-20T20:17:57.139564
85262651,Ibreece,Japan,490,2025-06-20T20:17:57.139564
86662244,VBVBVBVB,Hungary,491,2025-06-20T20:17:57.139564
85517634,citric Noir,Spain,492,2025-06-20T20:17:57.139564
85601038,baronrouge,France,493,2025-06-20T20:17:57.139564
84233738,AdrianoFreitas,Brazil,494,2025-06-20T20:17:57.139564
96097854,djenf,Norway,495,2025-06-20T20:17:57.139564
87671587,Chappolini,Italy,496,2025-06-20T20:17:57.139564
92472762,TheTomSki,United States of America,497,2025-06-20T20:17:57.139564
85195804,akensiro,Russia,498,2025-06-20T20:17:57.139564
83825995,GoshdarnBF,France,499,2025-06-20T20:17:57.139564
89910900,yuhkil80,South Korea,500,2025-06-20T20:17:57.139564
97772425,mysticcatcy,Cyprus,501,2025-06-20T20:17:57.139564
93974969,DragonCv,North Macedonia,502,2025-06-20T20:17:57.139564
97417627,adoring-alligator17,Malaysia,503,2025-06-20T20:17:57.139564
93295139,Downtheline,South Korea,504,2025-06-20T20:17:57.139564
84315672,Chul,Denmark,505,2025-06-20T20:17:57.139564
89872977,Albiknows,Netherlands,506,2025-06-20T20:17:57.139564
94310784,so king,China,507,2025-06-20T20:17:57.139564
97410666,zerosan0303,Japan,508,2025-06-20T20:17:57.139564
91043317,Simonides12,Russia,509,2025-06-20T20:17:57.139564
83957027,TCC,Hong Kong,510,2025-06-20T20:17:57.139564
94238686,Unconfirmed,United States of America,511,2025-06-20T20:17:57.139564
85605197,Trojan Moose,Ukraine,512,2025-06-20T20:17:57.139564
1479987,Frititi,Switzerland,513,2025-06-20T20:17:57.139564
95137016,extrazen,France,514,2025-06-20T20:17:57.139564
84161093,Aldenoer,France,515,2025-06-20T20:17:57.139564
84241970,lilian5,France,516,2025-06-20T20:17:57.139564
6818640,watertribe,United States of America,517,2025-06-20T20:17:57.139564
89873446,supernob,South Korea,518,2025-06-20T20:17:57.139564
95773439,fifapesfan,Christmas Island,519,2025-06-20T20:17:57.139564
85074169,Oliven7,Sweden,520,2025-06-20T20:17:57.139564
96295963,adamszakal91,Hungary,521,2025-06-20T20:17:57.139564
95139187,zlefin,United States of America,522,2025-06-20T20:17:57.139564
97933949,kunkat,Italy,523,2025-06-20T20:17:57.139564
84235974,Minso,South Korea,524,2025-06-20T20:17:57.139564
97682566,hopeful-panda309,United States of America,525,2025-06-20T20:17:57.139564
97093077,UnexpectedBob,Switzerland,526,2025-06-20T20:17:57.139564
95436286,4mateur,Germany,527,2025-06-20T20:17:57.139564
96862250,bubaba,Ukraine,528,2025-06-20T20:17:57.139564
96885459,AGeryCat,Australia,529,2025-06-20T20:17:57.139564
94613954,Jesterius,Italy,530,2025-06-20T20:17:57.139564
95380868,DomLongTK,United States of America,531,2025-06-20T20:17:57.139564
96351512,kumanchi,Bulgaria,532,2025-06-20T20:17:57.139564
92748007,worldsenvy,India,533,2025-06-20T20:17:57.139564
90458885,morazow,Germany,534,2025-06-20T20:17:57.139564
89045901,Tidus01,Germany,535,2025-06-20T20:17:57.139564
97683046,jackydu92i,France,536,2025-06-20T20:17:57.139564
94252760,OtrOligaOla,Sweden,537,2025-06-20T20:17:57.139564
93505700,selofan ral,Türkiye,538,2025-06-20T20:17:57.139564
94571648,Filip1389,Serbia,539,2025-06-20T20:17:57.139564
92212394,pvijaikr,Singapore,540,2025-06-20T20:17:57.139564
89068284,dinoTT,China,541,2025-06-20T20:17:57.139564
3925817,fairmonger,United States of America,542,2025-06-20T20:17:57.139564
88799451,Zajcu,Poland,543,2025-06-20T20:17:57.139564
88920624,Redsteel177,Germany,544,2025-06-20T20:17:57.139564
96447420,JP21_37,Poland,545,2025-06-20T20:17:57.139564
96448133,Loueppi,Germany,546,2025-06-20T20:17:57.139564
27396869,atx7541,Taiwan,547,2025-06-20T20:17:57.139564
87188614,GingerChocolateCake,United States of America,548,2025-06-20T20:17:57.139564
91144920,Sosuu3,Singapore,549,2025-06-20T20:17:57.139564
90665247,darkprince5,Japan,550,2025-06-20T20:17:57.139564
91734600,MarsMonger,United States of America,551,2025-06-20T20:17:57.139564
95975484,Galdor_Luelle,United States of America,552,2025-06-20T20:17:57.139564
87580471,Vincentoob,Finland,553,2025-06-20T20:17:57.139564
84750306,Benzawzaw,France,554,2025-06-20T20:17:57.139564
86982272,arata3510,Japan,555,2025-06-20T20:17:57.139564
85575851,LawlietL,United States of America,556,2025-06-20T20:17:57.139564
88700409,IcingDeath857,United States of America,557,2025-06-20T20:17:57.139564
88988951,monya_junya,Japan,558,2025-06-20T20:17:57.139564
96119635,greenmars1,United States of America,559,2025-06-20T20:17:57.139564
95416168,Tomevaws,United States of America,560,2025-06-20T20:17:57.139564
87277341,Bustagator7,United States of America,561,2025-06-20T20:17:57.139564
85049907,kyariyan,South Korea,562,2025-06-20T20:17:57.139564
95604434,Molitvin,Ukraine,563,2025-06-20T20:17:57.139564
94158521,Khermit,France,564,2025-06-20T17:58:11.580188
84836052,forever82,Singapore,565,2025-06-20T17:58:11.580188
91477705,pozhiloy gibbon,Russia,566,2025-06-20T17:58:11.580188
90872546,vaneverett,United States of America,567,2025-06-20T20:17:57.139564
85514483,xxkifxx,France,568,2025-06-20T20:17:57.139564
96973147,kty8531,South Korea,569,2025-06-20T17:58:11.580188
96346596,homeJimbo,United States of America,570,2025-06-20T17:58:11.580188
95612739,davidom96,Poland,571,2025-06-20T17:58:11.580188
85313318,KetxeFretxe,Spain,572,2025-06-20T20:17:57.139564
95423617,Hitoride17,Argentina,573,2025-06-20T20:17:57.139564
93970778,fti461,Japan,574,2025-06-20T20:17:57.139564
83930926,rokarasu,Taiwan,575,2025-06-20T20:17:57.139564
84188058,Plukac,Slovakia,576,2025-06-20T20:17:57.139564
85395924,sirivanhoe2,United Kingdom,577,2025-06-20T20:17:57.139564
96444479,PT03,Denmark,578,2025-06-20T20:17:57.139564
92564088,PEGOLIC,Italy,579,2025-06-20T17:45:12.478436
90937482,SlothInSpace,Germany,580,2025-06-20T20:17:57.139564
94077674,woowoo01,India,581,2025-06-20T20:17:57.139564
92079497,woogi93,South Korea,582,2025-06-20T20:17:57.139564
86298245,Antreasch,Germany,583,2025-06-20T20:17:57.139564
88464580,robeaf,Canada,584,2025-06-20T20:17:57.139564
93586565,Nicol Bolas Guo,China,585,2025-06-20T20:17:57.139564
90293139,Sergei_vecnii_posdoc,France,586,2025-06-20T20:17:57.139564
97268676,w1lls0n,Austria,587,2025-06-20T20:17:57.139564
89465639,Pkuhn,Germany,588,2025-06-20T17:45:12.478436
97200952,boomerfd11,United States of America,589,2025-06-20T17:45:12.478436
93638934,skillionaire,Germany,590,2025-06-20T17:45:12.478436
97948785,BMAstatine,Finland,591,2025-06-20T20:17:57.139564
90321781,joon0sung,South Korea,592,2025-06-20T20:17:57.139564
93842528,Salz Baron,Germany,593,2025-06-20T20:17:57.139564
88867549,Ikareway,French Guiana,594,2025-06-20T20:17:57.139564
40727257,Someone_you_know,Antarctica,595,2025-06-20T20:17:57.139564
94429333,Subiela,Spain,596,2025-06-20T20:17:57.139564
84641781,Dendroaspis,Finland,597,2025-06-20T20:17:57.139564
91618873,xmyfq,Hong Kong,598,2025-06-20T20:17:57.139564
84017990,duckmammal,United States of America,599,2025-06-20T20:17:57.139564
97565208,Celulloid,Canada,600,2025-06-20T20:17:57.139564
86583587,Sturgeynoogar,Australia,601,2025-06-20T20:17:57.139564
91942677,treyskid,United States of America,602,2025-06-20T20:17:57.139564
85330007,KensaiK,Peru,603,2025-06-20T20:17:57.139564
96453920,Cleverfellow,United States of America,604,2025-06-20T20:17:57.139564
97772041,tekatekesan,Japan,605,2025-06-20T20:17:57.139564
86435637,SavaKHV,Russia,606,2025-06-20T20:17:57.139564
85142087,Snukster,Germany,607,2025-06-20T20:17:57.139564
93595200,Frankyutu,Hong Kong,608,2025-06-20T20:17:57.139564
89705540,da pinch,Japan,609,2025-06-20T20:17:57.139564
86241731,selfee,United States of America,610,2025-06-20T20:17:57.139564
66074417,MasterMystery,Austria,611,2025-06-20T20:17:57.139564
94249563,Greg-gory,France,612,2025-06-20T17:58:11.580188
84017414,bemu,Denmark,613,2025-06-20T17:58:11.580188
89246292,Paradoxial,United States of America,614,2025-06-20T17:58:11.580188
20781553,cosmosis,United States of America,615,2025-06-20T17:58:11.580188
96412482,NicoNouN,France,616,2025-06-20T18:04:56.511886
91910561,glchow,United States of America,617,2025-06-20T18:04:56.511886
86504003,Michal26,Poland,618,2025-06-20T17:58:11.580188
85007993,joncat,Taiwan,619,2025-06-20T17:58:11.580188
96830848,Toni Ruedas,Spain,620,2025-06-20T17:58:11.580188
86791055,Winnnnter,Canada,621,2025-06-20T17:58:11.580188
96871002,aZesulfaMe K,Spain,622,2025-06-20T17:58:11.580188
97762953,Ciambellaio,Italy,623,2025-06-20T17:58:11.580188
92550826,sorasono,Japan,624,2025-06-20T17:58:11.580188
90131480,Shahar48,United States of America,625,2025-06-20T17:58:11.580188
97493607,_yoolly,Lao People's Democratic Republic,626,2025-06-20T17:58:11.580188
94483630,tetsu2,France,627,2025-06-20T20:17:57.139564
85141334,Tens0r,United States of America,628,2025-06-20T20:17:57.139564
93600395,LaiskaJaakko,Finland,629,2025-06-20T20:17:57.139564
96776952,Hochmah,Serbia,630,2025-06-20T20:17:57.139564
95886688,Bamboeplant,Belgium,631,2025-06-20T20:17:57.139564
94863651,wendo_line,Palestine,632,2025-06-20T20:17:57.139564
96724834,Irwon,Spain,633,2025-06-20T20:17:57.139564
87852950,sohan22,Canada,634,2025-06-20T20:17:57.139564
89251731,perefougasse,France,635,2025-06-20T20:17:57.139564
38543236,omegasun5,United States of America,636,2025-06-20T20:17:57.139564
84648456,GnarlyOwl,United States of America,637,2025-06-20T20:17:57.139564
83835685,ZWS,Germany,638,2025-06-20T20:17:57.139564
83942695,Dooophy,France,639,2025-06-20T20:17:57.139564
97531758,Butter28,South Korea,640,2025-06-20T20:17:57.139564
95277237,ST Evan,China,641,2025-06-20T20:17:57.139564
93059293,cbovnr,Holy See,642,2025-06-20T20:17:57.139564
85839726,jamesterjlrb,United Kingdom,643,2025-06-20T20:17:57.139564
85406044,ironted,United Kingdom,644,2025-06-20T20:17:57.139564
95618963,CDigglesworth,Canada,645,2025-06-20T20:17:57.139564
91667257,RandomLuck1337,Germany,646,2025-06-20T20:17:57.139564
96754255,pxw1,China,647,2025-06-20T20:17:57.139564
96282214,bansaa,South Korea,648,2025-06-20T20:17:57.139564
94992439,hokroena,South Korea,649,2025-06-20T20:17:57.139564
88512163,laminy,Japan,650,2025-06-20T20:17:57.139564
83883279,silvercat222,Japan,651,2025-06-20T20:17:57.139564
93491991,yaLJme,Spain,652,2025-06-20T20:17:57.139564
96417531,Kaliste1991,France,653,2025-06-20T20:17:57.139564
93569639,tiraymi13,Japan,654,2025-06-20T20:17:57.139564
15649732,Schweiger,Austria,655,2025-06-20T20:17:57.139564
94141065,Skeeve1973,Germany,656,2025-06-20T20:17:57.139564
4080207,cs2376,United States of America,657,2025-06-20T20:17:57.139564
95996437,dprise,China,658,2025-06-20T20:17:57.139564
96331617,lupo007,Switzerland,659,2025-06-20T20:17:57.139564
84221249,foeu,France,660,2025-06-20T20:17:57.139564
95245979,UNEDUCATEDKID95,South Korea,661,2025-06-20T20:17:57.139564
88773957,Preturius,Slovakia,662,2025-06-20T20:17:57.139564
84450737,sicky_soka,Saudi Arabia,663,2025-06-20T20:17:57.139564
94639910,Balticus,Germany,664,2025-06-20T20:17:57.139564
96856402,FrancisFirgus,Canada,665,2025-06-20T20:17:57.139564
92077446,johnald03,United States of America,666,2025-06-20T20:17:57.139564
92234717,shorta222,Japan,667,2025-06-20T20:17:57.139564
86914949,St4rless,France,668,2025-06-20T20:17:57.139564
93627057,digppa25,Canada,669,2025-06-20T20:17:57.139564
94221286,felkdav,Hungary,670,2025-06-20T20:17:57.139564
93066644,Chandai15,Japan,671,2025-06-20T20:17:57.139564
95147486,Rience,Canada,672,2025-06-20T20:17:57.139564
88645389,ARES TAM,Hong Kong,673,2025-06-20T20:17:57.139564
96905567,Coolakillen,Sweden,674,2025-06-20T20:17:57.139564
92513342,Dualist,United States of America,675,2025-06-20T20:17:57.139564
74010018,85ania,Poland,676,2025-06-20T20:17:57.139564
96048290,Wonderful Child,Canada,677,2025-06-20T20:17:57.139564
85647807,starks_jva,Spain,678,2025-06-20T20:17:57.139564
86367999,Bgdu21,France,679,2025-06-20T20:17:57.139564
96222306,yuu0522,Japan,680,2025-06-20T20:17:57.139564
34286022,ironiineon,Hong Kong,681,2025-06-20T20:17:57.139564
92529000,de Slijp,Netherlands,682,2025-06-20T20:17:57.139564
85178615,Metrech,Canada,683,2025-06-20T20:17:57.139564
84481453,sontak,Japan,684,2025-06-20T20:17:57.139564
93722519,max_chuck,United States of America,685,2025-06-20T20:17:57.139564
96784585,Nincompoop57,Germany,686,2025-06-20T20:17:57.139564
96782124,Slipknot13,Russia,687,2025-06-20T20:17:57.139564
96251767,ErrorV9,Russia,688,2025-06-20T17:58:11.580188
84040783,barachnide,France,689,2025-06-20T17:58:11.580188
92366435,scorpioguy,Canada,690,2025-06-20T17:58:11.580188
97058808,JoeKH,Denmark,691,2025-06-20T17:58:11.580188
92976064,BestofSNU,South Korea,692,2025-06-20T20:17:57.139564
87880290,nooks,United States of America,693,2025-06-20T20:17:57.139564
96716461,dokdo_kr,South Korea,694,2025-06-20T17:58:11.580188
96660810,hansakurajin,Japan,695,2025-06-20T20:17:57.139564
86847580,ChiMan90,Canada,696,2025-06-20T20:17:57.139564
86931925,Bibisura,Japan,697,2025-06-20T20:17:57.139564
87448130,ChuckBo,Belgium,698,2025-06-20T20:17:57.139564
83902894,adenopathe,France,699,2025-06-20T20:17:57.139564
84286469,Norimsoo,South Korea,700,2025-06-20T20:17:57.139564
7282782,Inf,Russia,701,2025-06-20T20:17:57.139564
87440284,Paul1977,United Kingdom,702,2025-06-20T20:17:57.139564
83900181,BryanHorist,United States of America,703,2025-06-20T20:17:57.139564
97711514,alstjd2802,South Korea,704,2025-06-20T20:17:57.139564
87116596,Hiede,Germany,705,2025-06-20T20:17:57.139564
84336036,albascura,Italy,706,2025-06-20T20:17:57.139564
84979762,sulsy7sulsy7,South Korea,707,2025-06-20T20:17:57.139564
85298294,Asx3t0s,Greece,708,2025-06-20T20:17:57.139564
85073968,Landdropper,Russia,709,2025-06-20T20:17:57.139564
84545463,desertwister,Italy,710,2025-06-20T20:17:57.139564
91141027,BadgerFoot,United Kingdom,711,2025-06-20T20:17:57.139564
90133704,ElioG,Greece,712,2025-06-20T20:17:57.139564
84048193,gegener,France,713,2025-06-20T20:17:57.139564
97697913,Borgfever,Italy,714,2025-06-20T20:17:57.139564
90422207,OFFONOFF,South Korea,715,2025-06-20T20:17:57.139564
95769629,m8malte,Germany,716,2025-06-20T20:17:57.139564
97605947,ani--to,Japan,717,2025-06-20T20:17:57.139564
96491115,lik24,Belarus,718,2025-06-20T20:17:57.139564
85453547,Ser6572,Russia,719,2025-06-20T20:17:57.139564
94283660,Sousuke0829,Japan,720,2025-06-20T20:17:57.139564
94408743,Shawn William,France,721,2025-06-20T20:17:57.139564
95586181,rustedaxle,United States of America,722,2025-06-20T20:17:57.139564
96272394,jasonli12138,China,723,2025-06-20T20:17:57.139564
86665029,remi156,France,724,2025-06-20T20:17:57.139564
92031517,Ponza80,Germany,725,2025-06-20T20:17:57.139564
96716771,em9120,United States of America,726,2025-06-20T18:04:56.511886
86781307,Takuzyoukyougibu,Japan,727,2025-06-20T18:04:56.511886
41160,salemome,France,728,2025-06-20T18:04:56.511886
84108136,Ylem2,South Korea,729,2025-06-20T18:04:56.511886
92881426,TheCharlieHooper,United States of America,730,2025-06-20T20:17:57.139564
85092027,DARKSTEEN,Italy,731,2025-06-20T20:17:57.139564
35032997,oescorihuela,Spain,732,2025-06-20T20:17:57.139564
88763599,zombie0518,Japan,733,2025-06-20T20:17:57.139564
96368836,Groznyj,Belarus,734,2025-06-20T20:17:57.139564
94626001,la la lol,France,735,2025-06-20T20:17:57.139564
84340674,lFlowerl,Taiwan,736,2025-06-20T20:17:57.139564
96303221,Buzzillion,United States of America,737,2025-06-20T20:17:57.139564
91849079,kazu5120,Japan,738,2025-06-20T20:17:57.139564
96779687,ArkCode,Hong Kong,739,2025-06-20T18:04:56.511886
93784942,penguin65,United States Minor Outlying Islands,740,2025-06-20T18:04:56.511886
97713330,Br0m3theus,Germany,741,2025-06-20T18:04:56.511886
97524916,underover13,Ireland,742,2025-06-20T18:04:56.511886
97653564,filippoferretti78,Italy,743,2025-06-20T20:17:57.139564
93853994,wangyogn,China,744,2025-06-20T20:17:57.139564
90563933,obooboobo,Japan,745,2025-06-20T20:17:57.139564
97002907,x3Cahir,Poland,746,2025-06-20T20:17:57.139564
94773985,dinonino1,Croatia,747,2025-06-20T17:45:12.478436
86990595,Truf26,France,748,2025-06-20T20:17:57.139564
94875472,ElMaggie,Germany,749,2025-06-20T20:17:57.139564
88408218,zydmitry,Russia,750,2025-06-20T20:17:57.139564
91268130,Akwatk,United States of America,751,2025-06-20T20:17:57.139564
86312107,RamblingMark,United Kingdom,752,2025-06-20T20:17:57.139564
20543140,22iksz10,Hungary,753,2025-06-20T20:17:57.139564
85046728,alex-bird,Belarus,754,2025-06-20T20:17:57.139564
95804497,Nicho22,Italy,755,2025-06-20T20:17:57.139564
92673249,Alfadragon,France,756,2025-06-20T20:17:57.139564
88079184,netro01,Japan,757,2025-06-20T20:17:57.139564
85149286,yurei123,Japan,758,2025-06-20T20:17:57.139564
86875650,AndyJuan,United States of America,759,2025-06-20T20:17:57.139564
97756299,greenday3326 lion,United States of America,760,2025-06-20T20:17:57.139564
84749334,damien_stoker,Belgium,761,2025-06-20T20:17:57.139564
87615766,kabo_summer,Japan,762,2025-06-20T20:17:57.139564
86973622,eric1994,United States of America,763,2025-06-20T18:04:56.511886
87696755,jimaros2004,Greece,764,2025-06-20T18:04:56.511886
96287163,StoneWage,Germany,765,2025-06-20T18:04:56.511886
85432330,Tryver45,France,766,2025-06-20T18:04:56.511886
96484446,Philblink,Brazil,767,2025-06-20T18:04:56.511886
88025247,Mozso92,Hungary,768,2025-06-20T18:04:56.511886
97176109,ReiJW5,Japan,769,2025-06-20T18:04:56.511886
83872600,karolinajuz,Lithuania,770,2025-06-20T18:04:56.511886
86226162,Hanneskannes,Germany,771,2025-06-20T18:04:56.511886
90476757,yogurtcongelado,Guatemala,772,2025-06-20T18:04:56.511886
92354825,Adeyno,France,773,2025-06-20T18:04:56.511886
90052699,Elsefant,Germany,774,2025-06-20T18:04:56.511886
93591281,mack_attack,United States of America,775,2025-06-20T18:04:56.511886
85254933,shadwhuntr,United States of America,776,2025-06-20T18:04:56.511886
29367199,superfishy,Canada,777,2025-06-20T20:17:57.139564
94900677,mkt tepe,Japan,778,2025-06-20T20:17:57.139564
90557512,Wilchin,Heard Island and McDonald Islands,779,2025-06-20T20:17:57.139564
84454794,Maksym3535543,Ukraine,780,2025-06-20T20:17:57.139564
42480145,ricardohoji,Brazil,781,2025-06-20T20:17:57.139564
85035059,chandyland,United States of America,782,2025-06-20T18:04:56.511886
20228326,Pete611,United States of America,783,2025-06-20T20:17:57.139564
84562064,MatthewL,United States of America,784,2025-06-20T20:17:57.139564
86559159,hodop,Romania,785,2025-06-20T20:17:57.139564
84984787,Watermelon1,Taiwan,786,2025-06-20T20:17:57.139564
87116338,mikeydicietdailleurs,France,787,2025-06-20T20:17:57.139564
84765700,HelterSkelter79,Canada,788,2025-06-20T20:17:57.139564
914385,ddubois,United States of America,789,2025-06-20T20:17:57.139564
97719578,Poppy218,Italy,790,2025-06-20T20:17:57.139564
84936982,zwdp9,Poland,791,2025-06-20T20:17:57.139564
93790539,RayPJ,Peru,792,2025-06-20T20:17:57.139564
96810657,Horky67,France,793,2025-06-20T20:17:57.139564
93722686,Zeus2234,United States of America,794,2025-06-20T20:17:57.139564
95250283,patxu2022,China,795,2025-06-20T20:17:57.139564
95227224,kiko1984,Italy,796,2025-06-20T20:17:57.139564
94263010,Champion13,Poland,797,2025-06-20T20:17:57.139564
92986020,MeDy3a,Russia,798,2025-06-20T20:17:57.139564
95949947,jianmart,South Korea,799,2025-06-20T20:17:57.139564
94408138,warriorscout,United States of America,800,2025-06-20T20:17:57.139564
84752473,Segismundo,Spain,801,2025-06-20T20:17:57.139564
88954612,Penge88,Germany,802,2025-06-20T20:17:57.139564
97640171,itsT123,United States of America,803,2025-06-20T20:17:57.139564
83850871,ZooKWeeD,France,804,2025-06-20T20:17:57.139564
89090780,Avto18,Georgia,805,2025-06-20T20:17:57.139564
93805020,neverWalker,Japan,806,2025-06-20T20:17:57.139564
86465258,Keesislief,Netherlands,807,2025-06-20T20:17:57.139564
97034641,eloquent-cat,Finland,808,2025-06-20T20:17:57.139564
95205071,algernon4,Hungary,809,2025-06-20T20:17:57.139564
95401226,DrWreck,United States of America,810,2025-06-20T20:17:57.139564
89761822,ezardoz21,United Kingdom,811,2025-06-20T20:17:57.139564
96377327,legerego,Türkiye,812,2025-06-20T20:17:57.139564
86514092,KT_Gawain,United States of America,813,2025-06-20T20:17:57.139564
37017550,erkwish,Sweden,814,2025-06-20T20:17:57.139564
86147122,avocadofanboy,Germany,815,2025-06-20T20:17:57.139564
86700349,Zalpom,France,816,2025-06-20T20:17:57.139564
84094280,guipi-44,Japan,817,2025-06-20T20:17:57.139564
96501699,noober123,Finland,818,2025-06-20T20:17:57.139564
89303208,buchza,Thailand,819,2025-06-20T20:17:57.139564
96318288,grey931227,Taiwan,820,2025-06-20T20:17:57.139564
86522275,HaluHL,Japan,821,2025-06-20T20:17:57.139564
86949293,Dave05,France,822,2025-06-20T20:17:57.139564
7298093,canuck123,Canada,823,2025-06-20T20:17:57.139564
94308072,Itdau,Viet Nam,824,2025-06-20T20:17:57.139564
97437943,bmide,Czechia,825,2025-06-20T20:17:57.139564
96622214,SergeKo,Hong Kong,826,2025-06-20T20:17:57.139564
94118392,PanPokrak,Poland,827,2025-06-20T20:17:57.139564
85455513,YetiJust,Poland,828,2025-06-20T20:17:57.139564
89364987,Shvchnk,Poland,829,2025-06-20T20:17:57.139564
97632637,snoskred,Norway,830,2025-06-20T20:17:57.139564
88892602,Charloque,France,831,2025-06-20T20:17:57.139564
3791012,albertotower,Spain,832,2025-06-20T20:17:57.139564
83976006,Dzsoey,Hungary,833,2025-06-20T20:17:57.139564
85219107,NoelfromNY,United States of America,834,2025-06-20T20:17:57.139564
84976097,jodes257,Canada,835,2025-06-20T20:17:57.139564
84458612,neoeva07,South Korea,836,2025-06-20T20:17:57.139564
88749409,Palitoz,Spain,837,2025-06-20T20:17:57.139564
96199099,cox_marko,Serbia,838,2025-06-20T20:17:57.139564
86242075,mingzizi,United States of America,839,2025-06-20T20:17:57.139564
97480489,carlosfosf,Brazil,840,2025-06-20T20:17:57.139564
92697891,ZiggiT93,Germany,841,2025-06-20T20:17:57.139564
86711573,déglinos,France,842,2025-06-20T20:17:57.139564
96820618,Belle End,Sweden,843,2025-06-20T20:17:57.139564
94085154,URb-777,Japan,844,2025-06-20T20:17:57.139564
94547021,Laxilus,Germany,845,2025-06-20T20:17:57.139564
86623057,Escogido,Cyprus,846,2025-06-20T20:17:57.139564
96146097,dochi33,South Korea,847,2025-06-20T20:17:57.139564
89473199,OlavRokne,Canada,848,2025-06-20T20:17:57.139564
86637662,Alex Y,France,849,2025-06-20T20:17:57.139564
90450044,PT_Vinnie,Netherlands,850,2025-06-20T20:17:57.139564
86955116,key4488,Germany,851,2025-06-20T20:17:57.139564
97403271,Angrilit,United States of America,852,2025-06-20T20:17:57.139564
90808852,linlinqwer,Taiwan,853,2025-06-20T20:17:57.139564
94157812,Turtledude3333,United States of America,854,2025-06-20T20:17:57.139564
96238738,beastfork,United States of America,855,2025-06-20T20:17:57.139564
93465087,itsonlyjustme,United Kingdom,856,2025-06-20T20:17:57.139564
91054107,Faro77,Uruguay,857,2025-06-20T20:17:57.139564
85654859,wito289,Belgium,858,2025-06-20T20:17:57.139564
90860674,Oznerol_55,France,859,2025-06-20T20:17:57.139564
91331398,Makarovich,Spain,860,2025-06-20T20:17:57.139564
92472813,FortressDoor,United States of America,861,2025-06-20T20:17:57.139564
92693380,mizukofu,Japan,862,2025-06-20T20:17:57.139564
93144751,Branci_S,Slovakia,863,2025-06-20T20:17:57.139564
17521740,steven1985321,Hong Kong,864,2025-06-20T20:17:57.139564
93792938,Last_Michael,Italy,865,2025-06-20T20:17:57.139564
96220994,nana0dayo,Japan,866,2025-06-20T20:17:57.139564
91706328,zrd12345,China,867,2025-06-20T17:28:33.206288
96958818,ShapovalPavel,Russia,868,2025-06-20T20:17:57.139564
96190831,TC-tang,China,869,2025-06-20T17:28:33.206288
85480298,EjDzej,Czechia,870,2025-06-20T17:28:33.206288
85401747,irimias,Japan,871,2025-06-20T17:58:11.580188
93558537,Swaterton,United States of America,872,2025-06-20T17:58:11.580188
85538972,seminomadic,South Korea,873,2025-06-20T17:58:11.580188
94287758,ivan21rus,Russia,874,2025-06-20T20:17:57.139564
86744787,Gatotkaca23,New Zealand,875,2025-06-20T20:17:57.139564
84947097,mackaay,Germany,876,2025-06-20T20:17:57.139564
86950454,RoBCN,Spain,877,2025-06-20T20:17:57.139564
26439359,egero8,Ireland,878,2025-06-20T20:17:57.139564
95037491,lyohag,Czechia,879,2025-06-20T20:17:57.139564
92283679,SnoogansDU,United States of America,880,2025-06-20T20:17:57.139564
95538381,etschie,Germany,881,2025-06-20T20:17:57.139564
97568802,Red_Nada,Italy,882,2025-06-20T20:17:57.139564
88891573,Sulphur17,Italy,883,2025-06-20T20:17:57.139564
85920595,SteelVikingPol,Poland,884,2025-06-20T20:17:57.139564
96607429,muk0325,South Korea,885,2025-06-20T20:17:57.139564
96748591,Marioramst,Poland,886,2025-06-20T20:17:57.139564
87971916,Jamessmellsbad,United States of America,887,2025-06-20T20:17:57.139564
96496226,gdpthv,Japan,888,2025-06-20T20:17:57.139564
97923550,aniismylife0,South Korea,889,2025-06-20T20:17:57.139564
84186933,winson280499,Hong Kong,890,2025-06-20T20:17:57.139564
87491356,lazawa,Belgium,891,2025-06-20T20:17:57.139564
96761223,JerryC123,China,892,2025-06-20T20:17:57.139564
87278533,DuncansBar,United States of America,893,2025-06-20T20:17:57.139564
92063918,dori dori,Japan,894,2025-06-20T20:17:57.139564
95608085,kronos_vi,Dominican Republic,895,2025-06-20T20:17:57.139564
3044936,Donus,United States of America,896,2025-06-20T20:17:57.139564
91263032,Alligator 427,France,897,2025-06-20T20:17:57.139564
95993399,dimanchesoir,France,898,2025-06-20T20:17:57.139564
95776281,bean_,United Kingdom,899,2025-06-20T20:17:57.139564
88535120,DarkImbecile,United States of America,900,2025-06-20T20:17:57.139564
94709487,mprtne,Sweden,901,2025-06-20T20:17:57.139564
96135442,KrassPanda,Ukraine,902,2025-06-20T20:17:57.139564
92980380,pikitator,France,903,2025-06-20T20:17:57.139564
86388449,Guacam,Germany,904,2025-06-20T20:17:57.139564
97241687,Gladwell2025,United States of America,905,2025-06-20T20:17:57.139564
93862982,KittoKatsu,United States of America,906,2025-06-20T20:17:57.139564
90529305,fsb91,France,907,2025-06-20T20:17:57.139564
95309977,malaikaishot,Canada,908,2025-06-20T20:17:57.139564
94541230,magnusmagneto,Canada,909,2025-06-20T20:17:57.139564
84798023,smartassinine,United States of America,910,2025-06-20T20:17:57.139564
96536877,Taruassassin,United States of America,911,2025-06-20T20:17:57.139564
84259474,jeblamalopata,Slovakia,912,2025-06-20T20:17:57.139564
86313852,nocnybarek,Poland,913,2025-06-20T20:17:57.139564
94229080,Celmerro,Poland,914,2025-06-20T20:17:57.139564
85868155,RoyalKarma,India,915,2025-06-20T20:17:57.139564
91083680,hycents,United States of America,916,2025-06-20T20:17:57.139564
96762581,pinkaru,South Korea,917,2025-06-20T20:17:57.139564
93389838,Sint Hnin,Myanmar,918,2025-06-20T20:17:57.139564
85652237,Phaeomelanin,Germany,919,2025-06-20T20:17:57.139564
94072347,marsjupitersaturn,Switzerland,920,2025-06-20T20:17:57.139564
91737863,canucksfan86,Canada,921,2025-06-20T20:17:57.139564
90055281,Havannah,Germany,922,2025-06-20T20:17:57.139564
86032529,Matanuska,France,923,2025-06-20T20:17:57.139564
97246617,18649930079,China,924,2025-06-20T20:17:57.139564
88350481,K TokitA,Japan,925,2025-06-20T20:17:57.139564
23977353,bigking,Poland,926,2025-06-20T20:17:57.139564
95931714,Ju-h4,Finland,927,2025-06-20T20:17:57.139564
96866359,yangyangxue123,China,928,2025-06-20T20:17:57.139564
88322952,marineblu,South Korea,929,2025-06-20T20:17:57.139564
88223404,BoardGameLeeUK,United Kingdom,930,2025-06-20T20:17:57.139564
84496324,Loko161180,France,931,2025-06-20T20:17:57.139564
88965636,Kizaris,Greece,932,2025-06-20T20:17:57.139564
95865530,Ella_is_alive,Austria,933,2025-06-20T20:17:57.139564
93602403,Saxchoi,South Korea,934,2025-06-20T20:17:57.139564
86133360,TomLD,France,935,2025-06-20T20:17:57.139564
90647639,keiko muro,Japan,936,2025-06-20T20:17:57.139564
88231044,mcRobbe,Germany,937,2025-06-20T20:17:57.139564
97224404,flyingnewt,United Kingdom,938,2025-06-20T20:17:57.139564
97291041,BigPotatoBoss,United Kingdom,939,2025-06-20T20:17:57.139564
85307882,Odwé,France,940,2025-06-20T20:17:57.139564
89144269,w0mbl3,United Kingdom,941,2025-06-20T20:17:57.139564
96407821,wangwu,China,942,2025-06-20T20:17:57.139564
84731997,Menelmacar,Poland,943,2025-06-20T20:17:57.139564
96958851,agent008_bishopii,Canada,944,2025-06-20T20:17:57.139564
89512158,cjmack6,United States of America,945,2025-06-20T20:17:57.139564
85274821,Sgege,Georgia,946,2025-06-20T20:17:57.139564
87414241,Agrup,Brazil,947,2025-06-20T20:17:57.139564
94586822,zendeno,France,948,2025-06-20T20:17:57.139564
85291108,emm_m,France,949,2025-06-20T20:17:57.139564
2430867,idum,Italy,950,2025-06-20T20:17:57.139564
90651066,Torfa313,France,951,2025-06-20T20:17:57.139564
96799401,justbusybee,Poland,952,2025-06-20T20:17:57.139564
94424747,TitanUl,Russia,953,2025-06-20T17:28:33.206288
89148941,Rowebotic,United Kingdom,954,2025-06-20T17:28:33.206288
97356522,Frodek90,Poland,955,2025-06-20T20:17:57.139564
86916561,2XT,Croatia,956,2025-06-20T20:17:57.139564
84732527,Michael333,Czechia,957,2025-06-20T20:17:57.139564
84670809,jangjo,South Korea,958,2025-06-20T20:17:57.139564
84173205,Papadios,Venezuela,958,2025-06-18T20:29:31.238857
84440654,toutoune - Morgon,France,959,2025-06-20T20:17:57.139564
84672070,HPShovecraft,Canada,959,2025-06-18T20:29:31.238857
85852050,Saltypork,United States of America,960,2025-06-20T20:17:57.139564
95201804,Gleb166,Georgia,961,2025-06-20T20:17:57.139564
91694843,kamil2320,Poland,962,2025-06-20T20:17:57.139564
27571671,Dunkelzahn2061,France,963,2025-06-20T20:17:57.139564
85023538,chudesa,Russia,964,2025-06-20T17:28:33.206288
96207661,Santiverin,Antigua and Barbuda,965,2025-06-20T17:28:33.206288
97178644,askagarden,Sweden,966,2025-06-20T17:45:12.478436
84101669,sunydes,Spain,967,2025-06-20T17:45:12.478436
87607290,Kjo86,Canada,968,2025-06-20T20:17:57.139564
90610187,MrKimm,South Korea,969,2025-06-20T20:17:57.139564
93507798,RamonDenner,Brazil,970,2025-06-20T20:17:57.139564
89726869,Quack14,Netherlands,970,2025-06-18T20:29:31.238857
85356350,Unrealik,Czechia,971,2025-06-20T20:17:57.139564
88437943,Irene Ro,Ukraine,972,2025-06-20T20:17:57.139564
83999997,ZephyrWoolf,France,973,2025-06-20T20:17:57.139564
85308995,Glenbar,France,974,2025-06-20T17:28:33.206288
90010426,WalterPPK,Germany,974,2025-06-18T20:29:31.238857
85660237,Ahenderson94,United Kingdom,975,2025-06-20T17:28:33.206288
85850445,mckennaman94,United States of America,976,2025-06-20T20:17:57.139564
93249076,leead992,New Zealand,977,2025-06-20T20:17:57.139564
83907651,karolinam,Poland,978,2025-06-20T20:17:57.139564
87659284,belungawhale,United States of America,979,2025-06-20T20:17:57.139564
96043451,Monty98,Canada,980,2025-06-20T20:17:57.139564
87603328,TheoGrizz,United States of America,981,2025-06-20T20:17:57.139564
94934439,kreuzbergbier,Germany,981,2025-06-18T20:29:31.238857
89777381,LittleTree13,South Korea,982,2025-06-20T20:17:57.139564
91649281,katsuominato,Japan,983,2025-06-20T20:17:57.139564
95469589,Jockye,Sweden,984,2025-06-20T20:17:57.139564
97661269,jovialerdmann,Germany,984,2025-06-18T20:29:31.238857
90835104,platinumstarxx,Hong Kong,985,2025-06-20T20:17:57.139564
84139954,Pluszak,Poland,986,2025-06-20T20:17:57.139564
89572902,DDSKsk,Japan,986,2025-06-18T20:29:31.238857
84117010,BadLuckBrian,Sweden,987,2025-06-20T20:17:57.139564
85389422,qualfa,South Africa,987,2025-06-20T17:28:33.206288
2946856,Lax,France,987,2025-06-18T20:29:31.238857
10482293,lolq,Poland,988,2025-06-20T20:17:57.139564
88275890,OedipusSkywalker,United States of America,988,2025-06-18T20:29:31.238857
94942822,CelestialHavoc,United Kingdom,989,2025-06-20T20:17:57.139564
96233314,anti-grav_lord420,Poland,989,2025-06-18T20:29:31.238857
96432735,Glieken,United States of America,990,2025-06-20T20:17:57.139564
95645243,DanseMaccabre,United Kingdom,990,2025-06-18T20:29:31.238857
84338779,Willy the Kid,Netherlands,991,2025-06-20T20:17:57.139564
97422045,thesurok,Ukraine,991,2025-06-18T20:29:31.238857
86316917,Omen of Peace,France,992,2025-06-20T20:17:57.139564
84826626,Rekai,United Kingdom,992,2025-06-18T20:29:31.238857
97475391,Jack-87,Germany,993,2025-06-20T20:17:57.139564
95057199,QQuQQu,South Korea,993,2025-06-18T20:29:31.238857
93884077,GuillaumeP13,Canada,994,2025-06-20T20:17:57.139564
86370231,meise21,Austria,994,2025-06-20T17:28:33.206288
85376211,ma-chan55,Japan,994,2025-06-18T20:29:31.238857
85601608,skypanda,Australia,995,2025-06-20T17:28:33.206288
84192258,Paf01,France,995,2025-06-18T20:29:31.238857
96938648,jabjab996,Réunion,996,2025-06-20T17:28:33.206288
86598946,Zakarea,Poland,997,2025-06-20T17:28:33.206288
86947239,night9sky,Singapore,997,2025-06-18T20:29:31.238857
95913614,paataaa,Japan,998,2025-06-20T17:28:33.206288
97178604,Xanpha,Australia,998,2025-06-18T20:29:31.238857
84625102,pinkduck,United States of America,999,2025-06-20T17:28:33.206288
89597197,Simon LHeureux,Canada,999,2025-06-18T20:29:31.238857
97562233,kimura-takuya,Japan,1000,2025-06-20T17:28:33.206288
89992794,Giseika,Japan,1000,2025-06-18T20:29:31.238857
